name,value,year,lastValue,rank
Action,11215,2019.05,11214,1
Adventure,5249,2019.05,5249,2
Casual,4371,2019.05,4371,3
Indie,2616,2019.05,2616,4
Violent,719,2019.05,719,5
Simulation,631,2019.05,631,6
Strategy,532,2019.05,532,7
RPG,416,2019.05,416,8
Free to Play,395,2019.05,395,9
Sexual Content,245,2019.05,245,10
Action,11214,2019.04,11113,1
Adventure,5249,2019.04,5148,2
Casual,4371,2019.04,4281,3
Indie,2616,2019.04,2561,4
Violent,719,2019.04,719,5
Simulation,631,2019.04,624,6
Strategy,532,2019.04,527,7
RPG,416,2019.04,412,8
Free to Play,395,2019.04,386,9
Sexual Content,245,2019.04,245,10
Action,11113,2019.03,11754,1
Adventure,5148,2019.03,5129,2
Casual,4281,2019.03,4171,3
Indie,2561,2019.03,2493,4
Violent,719,2019.03,719,5
Simulation,624,2019.03,614,6
Strategy,527,2019.03,522,7
RPG,412,2019.03,391,8
Free to Play,386,2019.03,376,9
Sexual Content,245,2019.03,245,10
Action,11754,2019.02,11518,1
Adventure,5129,2019.02,4919,2
Casual,4171,2019.02,4168,3
Indie,2493,2019.02,2423,4
Violent,719,2019.02,719,5
Simulation,614,2019.02,618,6
Strategy,522,2019.02,519,7
RPG,391,2019.02,381,8
Free to Play,376,2019.02,359,9
Sexual Content,245,2019.02,245,10
Action,11518,2019.01,11286,1
Adventure,4919,2019.01,4781,2
Casual,4168,2019.01,3971,3
Indie,2423,2019.01,2354,4
Violent,719,2019.01,718,5
Simulation,618,2019.01,597,6
Strategy,519,2019.01,514,7
RPG,381,2019.01,369,8
Free to Play,359,2019.01,351,9
Sexual Content,245,2019.01,245,10
Action,11286,2018.12,11138,1
Adventure,4781,2018.12,4671,2
Casual,3971,2018.12,3837,3
Indie,2354,2018.12,2292,4
Violent,718,2018.12,717,5
Simulation,597,2018.12,585,6
Strategy,514,2018.12,516,7
RPG,369,2018.12,358,8
Free to Play,351,2018.12,341,9
Sexual Content,245,2018.12,245,10
Action,11138,2018.11,9761,1
Adventure,4671,2018.11,4521,2
Casual,3837,2018.11,3682,3
Indie,2292,2018.11,2214,4
Violent,717,2018.11,717,5
Simulation,585,2018.11,569,6
Strategy,516,2018.11,497,7
RPG,358,2018.11,351,8
Free to Play,341,2018.11,328,9
Sexual Content,245,2018.11,245,10
Action,9761,2018.10,9481,1
Adventure,4521,2018.10,4412,2
Casual,3682,2018.10,3565,3
Indie,2214,2018.10,2132,4
Violent,717,2018.10,714,5
Simulation,569,2018.10,555,6
Strategy,497,2018.10,489,7
RPG,351,2018.10,341,8
Free to Play,328,2018.10,316,9
Sexual Content,245,2018.10,245,10
Action,9481,2018.09,9211,1
Adventure,4412,2018.09,4255,2
Casual,3565,2018.09,3427,3
Indie,2132,2018.09,2161,4
Violent,714,2018.09,694,5
Simulation,555,2018.09,539,6
Strategy,489,2018.09,485,7
RPG,341,2018.09,324,8
Free to Play,316,2018.09,313,9
Sexual Content,245,2018.09,241,10
Action,9211,2018.08,8934,1
Adventure,4255,2018.08,4139,2
Casual,3427,2018.08,3276,3
Indie,2161,2018.08,1991,4
Violent,694,2018.08,669,5
Simulation,539,2018.08,531,6
Strategy,485,2018.08,478,7
RPG,324,2018.08,321,8
Free to Play,313,2018.08,292,9
Sexual Content,241,2018.08,231,10
Action,8934,2018.07,8663,1
Adventure,4139,2018.07,4112,2
Casual,3276,2018.07,3131,3
Indie,1991,2018.07,1924,4
Violent,669,2018.07,631,5
Simulation,531,2018.07,525,6
Strategy,478,2018.07,472,7
RPG,321,2018.07,314,8
Free to Play,292,2018.07,284,9
Sexual Content,231,2018.07,222,10
Action,8663,2018.06,8436,1
Adventure,4112,2018.06,3882,2
Casual,3131,2018.06,2994,3
Indie,1924,2018.06,1869,4
Violent,631,2018.06,611,5
Simulation,525,2018.06,516,6
Strategy,472,2018.06,469,7
RPG,314,2018.06,318,8
Free to Play,284,2018.06,273,9
Sexual Content,222,2018.06,216,10
Action,8436,2018.05,8193,1
Adventure,3882,2018.05,3754,2
Casual,2994,2018.05,2865,3
Indie,1869,2018.05,1792,4
Violent,611,2018.05,585,5
Simulation,516,2018.05,499,6
Strategy,469,2018.05,464,7
RPG,318,2018.05,313,8
Free to Play,273,2018.05,265,9
Sexual Content,216,2018.05,211,10
Action,8193,2018.04,7821,1
Adventure,3754,2018.04,3613,2
Casual,2865,2018.04,2732,3
Indie,1792,2018.04,1739,4
Violent,585,2018.04,544,5
Simulation,499,2018.04,489,6
Strategy,464,2018.04,459,7
RPG,313,2018.04,311,8
Free to Play,265,2018.04,258,9
Sexual Content,211,2018.04,187,10
Action,7821,2018.03,7511,1
Adventure,3613,2018.03,3476,2
Casual,2732,2018.03,2581,3
Indie,1739,2018.03,1678,4
Violent,544,2018.03,496,5
Simulation,489,2018.03,471,6
Strategy,459,2018.03,454,7
RPG,311,2018.03,292,8
Free to Play,258,2018.03,249,9
Sexual Content,187,2018.03,169,10
Action,7511,2018.02,7236,1
Adventure,3476,2018.02,3353,2
Casual,2581,2018.02,2445,3
Indie,1678,2018.02,1625,4
Violent,496,2018.02,467,5
Simulation,471,2018.02,456,6
Strategy,454,2018.02,451,7
RPG,292,2018.02,288,8
Free to Play,249,2018.02,241,9
Sexual Content,169,2018.02,161,10
Action,7236,2018.01,7133,1
Adventure,3353,2018.01,3244,2
Casual,2445,2018.01,2335,3
Indie,1625,2018.01,1582,4
Violent,467,2018.01,439,5
Simulation,456,2018.01,448,6
Strategy,451,2018.01,447,7
RPG,288,2018.01,285,8
Free to Play,241,2018.01,233,9
Sexual Content,161,2018.01,152,10
Action,7133,2017.12,6789,1
Adventure,3244,2017.12,3113,2
Casual,2335,2017.12,2226,3
Indie,1582,2017.12,1511,4
Simulation,448,2017.12,441,6
Strategy,447,2017.12,441,7
Violent,439,2017.12,417,5
RPG,285,2017.12,276,8
Free to Play,233,2017.12,224,9
Sexual Content,152,2017.12,144,10
Action,6789,2017.11,6541,1
Adventure,3113,2017.11,3111,2
Casual,2226,2017.11,2117,3
Indie,1511,2017.11,1459,4
Simulation,441,2017.11,433,6
Strategy,441,2017.11,438,7
Violent,417,2017.11,371,5
RPG,276,2017.11,266,8
Free to Play,224,2017.11,219,9
Sexual Content,144,2017.11,131,10
Action,6541,2017.1,6274,1
Adventure,3111,2017.1,2863,2
Casual,2117,2017.1,1974,3
Indie,1459,2017.1,1411,4
Strategy,438,2017.1,431,7
Simulation,433,2017.1,417,6
Violent,371,2017.1,329,5
RPG,266,2017.1,257,8
Free to Play,219,2017.1,211,9
Sexual Content,131,2017.1,121,10
Action,6274,2017.09,5975,1
Adventure,2863,2017.09,2753,2
Casual,1974,2017.09,1867,3
Indie,1411,2017.09,1343,4
Strategy,431,2017.09,421,7
Simulation,417,2017.09,411,6
Violent,329,2017.09,291,5
RPG,257,2017.09,251,8
Free to Play,211,2017.09,197,9
Sexual Content,121,2017.09,114,10
Action,5975,2017.08,5717,1
Adventure,2753,2017.08,2644,2
Casual,1867,2017.08,1754,3
Indie,1343,2017.08,1291,4
Strategy,421,2017.08,418,7
Simulation,411,2017.08,417,6
Violent,291,2017.08,238,5
RPG,251,2017.08,247,8
Free to Play,197,2017.08,187,9
Sexual Content,114,2017.08,96,10
Action,5717,2017.07,5475,1
Adventure,2644,2017.07,2539,2
Casual,1754,2017.07,1669,3
Indie,1291,2017.07,1237,4
Strategy,418,2017.07,395,7
Simulation,417,2017.07,398,6
RPG,247,2017.07,244,8
Violent,238,2017.07,211,5
Free to Play,187,2017.07,181,9
Sexual Content,96,2017.07,86,10
Action,5475,2017.06,5329,1
Adventure,2539,2017.06,2469,2
Casual,1669,2017.06,1611,3
Indie,1237,2017.06,1199,4
Simulation,398,2017.06,389,6
Strategy,395,2017.06,388,7
RPG,244,2017.06,239,8
Violent,211,2017.06,193,5
Free to Play,181,2017.06,176,9
Sexual Content,86,2017.06,81,10
Action,5329,2017.05,5136,1
Adventure,2469,2017.05,2391,2
Casual,1611,2017.05,1549,3
Indie,1199,2017.05,1168,4
Simulation,389,2017.05,383,6
Strategy,388,2017.05,381,7
RPG,239,2017.05,233,8
Violent,193,2017.05,166,5
Free to Play,176,2017.05,172,9
Sexual Content,81,2017.05,73,10
Action,5136,2017.04,4987,1
Adventure,2391,2017.04,2298,2
Casual,1549,2017.04,1494,3
Indie,1168,2017.04,1141,4
Simulation,383,2017.04,375,6
Strategy,381,2017.04,373,7
RPG,233,2017.04,226,8
Free to Play,172,2017.04,164,9
Violent,166,2017.04,146,5
Sexual Content,73,2017.04,68,10
Action,4987,2017.03,4819,1
Adventure,2298,2017.03,2213,2
Casual,1494,2017.03,1426,3
Indie,1141,2017.03,1196,4
Simulation,375,2017.03,367,6
Strategy,373,2017.03,366,7
RPG,226,2017.03,222,8
Free to Play,164,2017.03,161,9
Violent,146,2017.03,119,5
Sexual Content,68,2017.03,57,10
Action,4819,2017.02,4624,1
Adventure,2213,2017.02,2117,2
Casual,1426,2017.02,1371,3
Indie,1196,2017.02,1155,4
Simulation,367,2017.02,359,6
Strategy,366,2017.02,357,7
RPG,222,2017.02,219,8
Free to Play,161,2017.02,151,9
Violent,119,2017.02,113,5
Sexual Content,57,2017.02,52,10
Action,4624,2017.01,4472,1
Adventure,2117,2017.01,2135,2
Casual,1371,2017.01,1329,3
Indie,1155,2017.01,1124,4
Simulation,359,2017.01,352,6
Strategy,357,2017.01,345,7
RPG,219,2017.01,216,8
Free to Play,151,2017.01,151,9
Violent,113,2017.01,78,5
Sexual Content,52,2017.01,47,10
Action,4472,2016.12,4269,1
Adventure,2135,2016.12,1952,2
Casual,1329,2016.12,1254,3
Indie,1124,2016.12,988,4
Simulation,352,2016.12,337,6
Strategy,345,2016.12,335,7
RPG,216,2016.12,219,8
Free to Play,151,2016.12,141,9
Violent,78,2016.12,53,5
Sexual Content,47,2016.12,41,10
Action,4269,2016.11,4193,1
Adventure,1952,2016.11,1873,2
Casual,1254,2016.11,1183,3
Indie,988,2016.11,944,4
Simulation,337,2016.11,324,6
Strategy,335,2016.11,331,7
RPG,219,2016.11,217,8
Free to Play,141,2016.11,131,9
Violent,53,2016.11,39,5
Sexual Content,41,2016.11,36,10
Action,4193,2016.1,3892,1
Adventure,1873,2016.1,1781,2
Casual,1183,2016.1,1118,3
Indie,944,2016.1,899,4
Strategy,331,2016.1,324,7
Simulation,324,2016.1,313,6
RPG,217,2016.1,213,8
Free to Play,131,2016.1,119,9
Violent,39,2016.1,29,5
Sexual Content,36,2016.1,29,10
Action,3892,2016.09,3714,1
Adventure,1781,2016.09,1692,2
Casual,1118,2016.09,1134,3
Indie,899,2016.09,859,4
Strategy,324,2016.09,319,7
Simulation,313,2016.09,298,6
RPG,213,2016.09,211,8
Free to Play,119,2016.09,116,9
Violent,29,2016.09,27,5
Sexual Content,29,2016.09,28,10
Action,3714,2016.08,3511,1
Adventure,1692,2016.08,1592,2
Casual,1134,2016.08,971,3
Indie,859,2016.08,819,4
Strategy,319,2016.08,313,7
Simulation,298,2016.08,289,6
RPG,211,2016.08,192,8
Free to Play,116,2016.08,111,9
Sexual Content,28,2016.08,26,10
Violent,27,2016.08,24,5
Action,3511,2016.07,3341,1
Adventure,1592,2016.07,1528,2
Casual,971,2016.07,921,3
Indie,819,2016.07,787,4
Strategy,313,2016.07,318,7
Simulation,289,2016.07,282,6
RPG,192,2016.07,186,8
Free to Play,111,2016.07,114,9
Sexual Content,26,2016.07,25,10
Violent,24,2016.07,21,5
Action,3341,2016.06,3211,1
Adventure,1528,2016.06,1458,2
Casual,921,2016.06,855,3
Indie,787,2016.06,766,4
Strategy,318,2016.06,314,7
Simulation,282,2016.06,273,6
RPG,186,2016.06,183,8
Free to Play,114,2016.06,99,9
Sexual Content,25,2016.06,21,10
Violent,21,2016.06,19,5
Action,3211,2016.05,3182,1
Adventure,1458,2016.05,1416,2
Casual,855,2016.05,814,3
Indie,766,2016.05,741,4
Strategy,314,2016.05,311,7
Simulation,273,2016.05,265,6
RPG,183,2016.05,181,8
Free to Play,99,2016.05,92,9
Sexual Content,21,2016.05,21,10
Violent,19,2016.05,16,5
Action,3182,2016.04,2917,1
Adventure,1416,2016.04,1338,2
Casual,814,2016.04,743,3
Indie,741,2016.04,699,4
Strategy,311,2016.04,294,7
Simulation,265,2016.04,258,6
RPG,181,2016.04,178,8
Free to Play,92,2016.04,86,9
Sexual Content,21,2016.04,18,10
Violent,16,2016.04,15,5
Action,2917,2016.03,2791,1
Adventure,1338,2016.03,1269,2
Casual,743,2016.03,695,3
Indie,699,2016.03,666,4
Strategy,294,2016.03,286,7
Simulation,258,2016.03,248,6
RPG,178,2016.03,176,8
Free to Play,86,2016.03,75,9
Sexual Content,18,2016.03,15,10
Violent,15,2016.03,15,5
Action,2791,2016.02,2689,1
Adventure,1269,2016.02,1214,2
Casual,695,2016.02,668,3
Indie,666,2016.02,641,4
Strategy,286,2016.02,279,7
Simulation,248,2016.02,244,6
RPG,176,2016.02,171,8
Free to Play,75,2016.02,71,9
Violent,15,2016.02,15,5
Sexual Content,15,2016.02,13,10
Action,2689,2016.01,2589,1
Adventure,1214,2016.01,1175,2
Casual,668,2016.01,642,3
Indie,641,2016.01,621,4
Strategy,279,2016.01,276,7
Simulation,244,2016.01,235,6
RPG,171,2016.01,169,8
Free to Play,71,2016.01,69,9
Violent,15,2016.01,14,5
Sexual Content,13,2016.01,13,10
Action,2589,2015.12,2488,1
Adventure,1175,2015.12,1141,2
Casual,642,2015.12,619,3
Indie,621,2015.12,592,4
Strategy,276,2015.12,273,7
Simulation,235,2015.12,231,6
RPG,169,2015.12,161,8
Free to Play,69,2015.12,64,9
Violent,14,2015.12,13,5
Sexual Content,13,2015.12,12,10
Action,2488,2015.11,2398,1
Adventure,1141,2015.11,1193,2
Casual,619,2015.11,594,3
Indie,592,2015.11,566,4
Strategy,273,2015.11,269,7
Simulation,231,2015.11,223,6
RPG,161,2015.11,157,8
Free to Play,64,2015.11,61,9
Violent,13,2015.11,13,5
Sexual Content,12,2015.11,11,10
Action,2398,2015.1,2294,1
Adventure,1193,2015.1,1122,2
Casual,594,2015.1,573,3
Indie,566,2015.1,532,4
Strategy,269,2015.1,267,7
Simulation,223,2015.1,218,6
RPG,157,2015.1,151,8
Free to Play,61,2015.1,61,9
Violent,13,2015.1,13,5
Sexual Content,11,2015.1,11,10
Action,2294,2015.09,2172,1
Adventure,1122,2015.09,964,2
Casual,573,2015.09,539,3
Indie,532,2015.09,518,4
Strategy,267,2015.09,263,7
Simulation,218,2015.09,215,6
RPG,151,2015.09,148,8
Free to Play,61,2015.09,58,9
Violent,13,2015.09,12,5
Sexual Content,11,2015.09,11,10
Action,2172,2015.08,2166,1
Adventure,964,2015.08,911,2
Casual,539,2015.08,515,3
Indie,518,2015.08,475,4
Strategy,263,2015.08,261,7
Simulation,215,2015.08,219,6
RPG,148,2015.08,145,8
Free to Play,58,2015.08,53,9
Violent,12,2015.08,11,5
Sexual Content,11,2015.08,7,10
Action,2166,2015.07,1935,1
Adventure,911,2015.07,862,2
Casual,515,2015.07,478,3
Indie,475,2015.07,451,4
Strategy,261,2015.07,256,7
Simulation,219,2015.07,215,6
RPG,145,2015.07,144,8
Free to Play,53,2015.07,49,9
Violent,11,2015.07,11,5
Sexual Content,7,2015.07,6,10
Action,1935,2015.06,1842,1
Adventure,862,2015.06,829,2
Casual,478,2015.06,451,3
Indie,451,2015.06,429,4
Strategy,256,2015.06,251,7
Simulation,215,2015.06,211,6
RPG,144,2015.06,144,8
Free to Play,49,2015.06,49,9
Violent,11,2015.06,11,5
Sexual Content,6,2015.06,6,10
Action,1842,2015.05,1751,1
Adventure,829,2015.05,764,2
Casual,451,2015.05,427,3
Indie,429,2015.05,392,4
Strategy,251,2015.05,251,7
Simulation,211,2015.05,192,6
RPG,144,2015.05,137,8
Free to Play,49,2015.05,46,9
Violent,11,2015.05,11,5
Sexual Content,6,2015.05,5,10
Action,1751,2015.04,1645,1
Adventure,764,2015.04,726,2
Casual,427,2015.04,414,3
Indie,392,2015.04,373,4
Strategy,251,2015.04,249,7
Simulation,192,2015.04,181,6
RPG,137,2015.04,134,8
Free to Play,46,2015.04,39,9
Violent,11,2015.04,11,5
Sexual Content,5,2015.04,5,10
Action,1645,2015.03,1579,1
Adventure,726,2015.03,692,2
Casual,414,2015.03,389,3
Indie,373,2015.03,353,4
Strategy,249,2015.03,239,7
Simulation,181,2015.03,169,6
RPG,134,2015.03,129,8
Free to Play,39,2015.03,38,9
Violent,11,2015.03,11,5
Sexual Content,5,2015.03,5,10
Action,1579,2015.02,1512,1
Adventure,692,2015.02,644,2
Casual,389,2015.02,371,3
Indie,353,2015.02,331,4
Strategy,239,2015.02,235,7
Simulation,169,2015.02,166,6
RPG,129,2015.02,129,8
Free to Play,38,2015.02,36,9
Violent,11,2015.02,9,5
Sexual Content,5,2015.02,5,10
Action,1512,2015.01,1441,1
Adventure,644,2015.01,612,2
Casual,371,2015.01,357,3
Indie,331,2015.01,317,4
Strategy,235,2015.01,234,7
Simulation,166,2015.01,162,6
RPG,129,2015.01,123,8
Free to Play,36,2015.01,31,9
Violent,9,2015.01,9,5
Sexual Content,5,2015.01,4,10
Action,1441,2014.12,1388,1
Adventure,612,2014.12,571,2
Casual,357,2014.12,348,3
Indie,317,2014.12,281,4
Strategy,234,2014.12,232,7
Simulation,162,2014.12,158,6
RPG,123,2014.12,121,8
Free to Play,31,2014.12,28,9
Violent,9,2014.12,8,5
Sexual Content,4,2014.12,3,10
Action,1388,2014.11,1336,1
Adventure,571,2014.11,541,2
Casual,348,2014.11,339,3
Indie,281,2014.11,266,4
Strategy,232,2014.11,226,7
Simulation,158,2014.11,142,6
RPG,121,2014.11,118,8
Free to Play,28,2014.11,28,9
Violent,8,2014.11,8,5
Sexual Content,3,2014.11,3,10
Action,1336,2014.1,1271,1
Adventure,541,2014.1,493,2
Casual,339,2014.1,327,3
Indie,266,2014.1,247,4
Strategy,226,2014.1,222,7
Simulation,142,2014.1,136,6
RPG,118,2014.1,117,8
Free to Play,28,2014.1,26,9
Violent,8,2014.1,8,5
Sexual Content,3,2014.1,3,10
Action,1271,2014.09,1227,1
Adventure,493,2014.09,473,2
Casual,327,2014.09,314,3
Indie,247,2014.09,236,4
Strategy,222,2014.09,217,7
Simulation,136,2014.09,128,6
RPG,117,2014.09,113,8
Free to Play,26,2014.09,25,9
Violent,8,2014.09,8,5
Sexual Content,3,2014.09,3,10
Action,1227,2014.08,1179,1
Adventure,473,2014.08,452,2
Casual,314,2014.08,294,3
Indie,236,2014.08,221,4
Strategy,217,2014.08,214,7
Simulation,128,2014.08,123,6
RPG,113,2014.08,111,8
Free to Play,25,2014.08,21,9
Violent,8,2014.08,7,5
Sexual Content,3,2014.08,3,10
Action,1179,2014.07,1115,1
Adventure,452,2014.07,413,2
Casual,294,2014.07,269,3
Indie,221,2014.07,215,4
Strategy,214,2014.07,219,7
Simulation,123,2014.07,119,6
RPG,111,2014.07,118,8
Free to Play,21,2014.07,21,9
Violent,7,2014.07,7,5
Sexual Content,3,2014.07,2,10
Action,1115,2014.06,1166,1
Adventure,413,2014.06,388,2
Casual,269,2014.06,258,3
Strategy,219,2014.06,217,7
Indie,215,2014.06,193,4
Simulation,119,2014.06,111,6
RPG,118,2014.06,116,8
Free to Play,21,2014.06,21,9
Violent,7,2014.06,7,5
Sexual Content,2,2014.06,2,10
Action,1166,2014.05,979,1
Adventure,388,2014.05,339,2
Casual,258,2014.05,237,3
Strategy,217,2014.05,214,7
Indie,193,2014.05,173,4
Simulation,111,2014.05,113,6
RPG,116,2014.05,112,8
Free to Play,21,2014.05,18,9
Violent,7,2014.05,7,5
Sexual Content,2,2014.05,2,10
Action,979,2014.04,928,1
Adventure,339,2014.04,287,2
Casual,237,2014.04,224,3
Strategy,214,2014.04,193,7
Indie,173,2014.04,164,4
Simulation,113,2014.04,111,6
RPG,112,2014.04,94,8
Free to Play,18,2014.04,17,9
Violent,7,2014.04,7,5
Sexual Content,2,2014.04,2,10
Action,928,2014.03,873,1
Adventure,287,2014.03,271,2
Casual,224,2014.03,218,3
Strategy,193,2014.03,191,7
Indie,164,2014.03,158,4
Simulation,111,2014.03,97,6
RPG,94,2014.03,91,8
Free to Play,17,2014.03,17,9
Violent,7,2014.03,7,5
Sexual Content,2,2014.03,1,10
Action,873,2014.02,829,1
Adventure,271,2014.02,255,2
Casual,218,2014.02,196,3
Strategy,191,2014.02,187,7
Indie,158,2014.02,148,4
Simulation,97,2014.02,92,6
RPG,91,2014.02,91,8
Free to Play,17,2014.02,16,9
Violent,7,2014.02,6,5
Sexual Content,1,2014.02,1,10
Action,829,2014.01,797,1
Adventure,255,2014.01,247,2
Casual,196,2014.01,192,3
Strategy,187,2014.01,186,7
Indie,148,2014.01,141,4
Simulation,92,2014.01,91,6
RPG,91,2014.01,85,8
Free to Play,16,2014.01,16,9
Violent,6,2014.01,6,5
Sexual Content,1,2014.01,1,10
Action,797,2013.12,777,1
Adventure,247,2013.12,235,2
Casual,192,2013.12,188,3
Strategy,186,2013.12,185,7
Indie,141,2013.12,138,4
Simulation,91,2013.12,88,6
RPG,85,2013.12,84,8
Free to Play,16,2013.12,16,9
Violent,6,2013.12,6,5
Sexual Content,1,2013.12,1,10
Action,777,2013.11,751,1
Adventure,235,2013.11,225,2
Casual,188,2013.11,175,3
Strategy,185,2013.11,182,7
Indie,138,2013.11,133,4
Simulation,88,2013.11,82,6
RPG,84,2013.11,83,8
Free to Play,16,2013.11,15,9
Violent,6,2013.11,6,5
Sexual Content,1,2013.11,1,10
Action,751,2013.1,721,1
Adventure,225,2013.1,211,2
Strategy,182,2013.1,182,7
Casual,175,2013.1,169,3
Indie,133,2013.1,123,4
RPG,83,2013.1,82,8
Simulation,82,2013.1,78,6
Free to Play,15,2013.1,15,9
Violent,6,2013.1,6,5
Sexual Content,1,2013.1,1,10
Action,721,2013.09,711,1
Adventure,211,2013.09,211,2
Strategy,182,2013.09,181,7
Casual,169,2013.09,168,3
Indie,123,2013.09,121,4
RPG,82,2013.09,81,8
Simulation,78,2013.09,77,6
Free to Play,15,2013.09,14,9
Violent,6,2013.09,6,5
Sexual Content,1,2013.09,1,10
Action,711,2013.08,682,1
Adventure,211,2013.08,197,2
Strategy,181,2013.08,178,7
Casual,168,2013.08,166,3
Indie,121,2013.08,118,4
RPG,81,2013.08,81,8
Simulation,77,2013.08,76,6
Free to Play,14,2013.08,13,9
Violent,6,2013.08,5,5
Sexual Content,1,2013.08,1,10
Action,682,2013.07,671,1
Adventure,197,2013.07,193,2
Strategy,178,2013.07,178,7
Casual,166,2013.07,166,3
Indie,118,2013.07,117,4
RPG,81,2013.07,79,8
Simulation,76,2013.07,76,6
Free to Play,13,2013.07,13,9
Violent,5,2013.07,5,5
Sexual Content,1,2013.07,1,10
Action,671,2013.06,661,1
Adventure,193,2013.06,192,2
Strategy,178,2013.06,173,7
Casual,166,2013.06,162,3
Indie,117,2013.06,114,4
RPG,79,2013.06,79,8
Simulation,76,2013.06,76,6
Free to Play,13,2013.06,13,9
Violent,5,2013.06,5,5
Sexual Content,1,2013.06,1,10
Action,661,2013.05,645,1
Adventure,192,2013.05,191,2
Strategy,173,2013.05,172,7
Casual,162,2013.05,159,3
Indie,114,2013.05,119,4
RPG,79,2013.05,79,8
Simulation,76,2013.05,76,6
Free to Play,13,2013.05,13,9
Violent,5,2013.05,5,5
Sexual Content,1,2013.05,1,10
Action,645,2013.04,628,1
Adventure,191,2013.04,184,2
Strategy,172,2013.04,171,7
Casual,159,2013.04,159,3
Indie,119,2013.04,115,4
RPG,79,2013.04,79,8
Simulation,76,2013.04,75,6
Free to Play,13,2013.04,13,9
Violent,5,2013.04,5,5
Sexual Content,1,2013.04,1,10
Action,628,2013.03,615,1
Adventure,184,2013.03,181,2
Strategy,171,2013.03,171,7
Casual,159,2013.03,157,3
Indie,115,2013.03,111,4
RPG,79,2013.03,79,8
Simulation,75,2013.03,74,6
Free to Play,13,2013.03,12,9
Violent,5,2013.03,5,5
Sexual Content,1,2013.03,1,10
Action,615,2013.02,617,1
Adventure,181,2013.02,179,2
Strategy,171,2013.02,169,7
Casual,157,2013.02,153,3
Indie,111,2013.02,111,4
RPG,79,2013.02,79,8
Simulation,74,2013.02,72,6
Free to Play,12,2013.02,9,9
Violent,5,2013.02,5,5
Sexual Content,1,2013.02,1,10
Action,617,2013.01,611,1
Adventure,179,2013.01,174,2
Strategy,169,2013.01,169,7
Casual,153,2013.01,153,3
Indie,111,2013.01,111,4
RPG,79,2013.01,78,8
Simulation,72,2013.01,71,6
Free to Play,9,2013.01,9,9
Violent,5,2013.01,5,5
Sexual Content,1,2013.01,1,10
Action,611,2012.12,591,1
Adventure,174,2012.12,171,2
Strategy,169,2012.12,169,7
Casual,153,2012.12,152,3
Indie,111,2012.12,111,4
RPG,78,2012.12,76,8
Simulation,71,2012.12,71,6
Free to Play,9,2012.12,8,9
Violent,5,2012.12,5,5
Sexual Content,1,2012.12,1,10
Action,591,2012.11,571,1
Adventure,171,2012.11,166,2
Strategy,169,2012.11,168,7
Casual,152,2012.11,151,3
Indie,111,2012.11,97,4
RPG,76,2012.11,75,8
Simulation,71,2012.11,71,6
Free to Play,8,2012.11,8,9
Violent,5,2012.11,5,5
Sexual Content,1,2012.11,1,10
Action,571,2012.1,551,1
Strategy,168,2012.1,163,7
Adventure,166,2012.1,162,2
Casual,151,2012.1,149,3
Indie,97,2012.1,91,4
RPG,75,2012.1,72,8
Simulation,71,2012.1,71,6
Free to Play,8,2012.1,8,9
Violent,5,2012.1,3,5
Sexual Content,1,2012.1,1,10
Action,551,2012.09,529,1
Strategy,163,2012.09,163,7
Adventure,162,2012.09,159,2
Casual,149,2012.09,147,3
Indie,91,2012.09,86,4
RPG,72,2012.09,72,8
Simulation,71,2012.09,71,6
Free to Play,8,2012.09,8,9
Violent,3,2012.09,3,5
Sexual Content,1,2012.09,1,10
Action,529,2012.08,518,1
Strategy,163,2012.08,161,7
Adventure,159,2012.08,153,2
Casual,147,2012.08,146,3
Indie,86,2012.08,83,4
RPG,72,2012.08,71,8
Simulation,71,2012.08,71,6
Free to Play,8,2012.08,8,9
Violent,3,2012.08,3,5
Sexual Content,1,2012.08,1,10
Action,518,2012.07,511,1
Strategy,161,2012.07,161,7
Adventure,153,2012.07,151,2
Casual,146,2012.07,146,3
Indie,83,2012.07,83,4
Simulation,71,2012.07,71,6
RPG,71,2012.07,69,8
Free to Play,8,2012.07,8,9
Violent,3,2012.07,3,5
Sexual Content,1,2012.07,1,10
Action,511,2012.06,492,1
Strategy,161,2012.06,159,7
Adventure,151,2012.06,151,2
Casual,146,2012.06,144,3
Indie,83,2012.06,77,4
Simulation,71,2012.06,71,6
RPG,69,2012.06,68,8
Free to Play,8,2012.06,7,9
Violent,3,2012.06,3,5
Sexual Content,1,2012.06,1,10
Action,492,2012.05,479,1
Strategy,159,2012.05,157,7
Adventure,151,2012.05,143,2
Casual,144,2012.05,142,3
Indie,77,2012.05,76,4
Simulation,71,2012.05,69,6
RPG,68,2012.05,65,8
Free to Play,7,2012.05,7,9
Violent,3,2012.05,3,5
Sexual Content,1,2012.05,1,10
Action,479,2012.04,465,1
Strategy,157,2012.04,156,7
Adventure,143,2012.04,139,2
Casual,142,2012.04,141,3
Indie,76,2012.04,73,4
Simulation,69,2012.04,69,6
RPG,65,2012.04,63,8
Free to Play,7,2012.04,7,9
Violent,3,2012.04,3,5
Sexual Content,1,2012.04,1,10
Action,465,2012.03,456,1
Strategy,156,2012.03,155,7
Casual,141,2012.03,137,3
Adventure,139,2012.03,132,2
Indie,73,2012.03,71,4
Simulation,69,2012.03,68,6
RPG,63,2012.03,63,8
Free to Play,7,2012.03,7,9
Violent,3,2012.03,3,5
Sexual Content,1,2012.03,1,10
Action,456,2012.02,445,1
Strategy,155,2012.02,153,7
Casual,137,2012.02,135,3
Adventure,132,2012.02,131,2
Indie,71,2012.02,71,4
Simulation,68,2012.02,68,6
RPG,63,2012.02,61,8
Free to Play,7,2012.02,5,9
Violent,3,2012.02,3,5
Sexual Content,1,2012.02,1,10
Action,445,2012.01,441,1
Strategy,153,2012.01,153,7
Casual,135,2012.01,134,3
Adventure,131,2012.01,125,2
Indie,71,2012.01,69,4
Simulation,68,2012.01,67,6
RPG,61,2012.01,59,8
Free to Play,5,2012.01,4,9
Violent,3,2012.01,3,5
Sexual Content,1,2012.01,1,10
Action,441,2011.12,436,1
Strategy,153,2011.12,153,7
Casual,134,2011.12,134,3
Adventure,125,2011.12,125,2
Indie,69,2011.12,68,4
Simulation,67,2011.12,67,6
RPG,59,2011.12,59,8
Free to Play,4,2011.12,3,9
Violent,3,2011.12,3,5
Sexual Content,1,2011.12,1,10
Action,436,2011.11,428,1
Strategy,153,2011.11,149,7
Casual,134,2011.11,134,3
Adventure,125,2011.11,121,2
Indie,68,2011.11,66,4
Simulation,67,2011.11,67,6
RPG,59,2011.11,58,8
Violent,3,2011.11,3,5
Free to Play,3,2011.11,3,9
Sexual Content,1,2011.11,1,10
Action,428,2011.1,416,1
Strategy,149,2011.1,147,7
Casual,134,2011.1,131,3
Adventure,121,2011.1,117,2
Simulation,67,2011.1,63,6
Indie,66,2011.1,65,4
RPG,58,2011.1,57,8
Violent,3,2011.1,3,5
Free to Play,3,2011.1,3,9
Sexual Content,1,2011.1,1,10
Action,416,2011.09,413,1
Strategy,147,2011.09,142,7
Casual,131,2011.09,131,3
Adventure,117,2011.09,114,2
Indie,65,2011.09,65,4
Simulation,63,2011.09,62,6
RPG,57,2011.09,53,8
Violent,3,2011.09,3,5
Free to Play,3,2011.09,3,9
Sexual Content,1,2011.09,1,10
Action,413,2011.08,394,1
Strategy,142,2011.08,133,7
Casual,131,2011.08,131,3
Adventure,114,2011.08,119,2
Indie,65,2011.08,62,4
Simulation,62,2011.08,61,6
RPG,53,2011.08,52,8
Violent,3,2011.08,3,5
Free to Play,3,2011.08,3,9
Sexual Content,1,2011.08,1,10
Action,394,2011.07,387,1
Strategy,133,2011.07,132,7
Casual,131,2011.07,128,3
Adventure,119,2011.07,115,2
Indie,62,2011.07,61,4
Simulation,61,2011.07,61,6
RPG,52,2011.07,51,8
Violent,3,2011.07,3,5
Free to Play,3,2011.07,3,9
Sexual Content,1,2011.07,1,10
Action,387,2011.06,379,1
Strategy,132,2011.06,127,7
Casual,128,2011.06,126,3
Adventure,115,2011.06,112,2
Simulation,61,2011.06,59,6
Indie,61,2011.06,59,4
RPG,51,2011.06,51,8
Violent,3,2011.06,3,5
Free to Play,3,2011.06,1,9
Sexual Content,1,2011.06,1,10
Action,379,2011.05,368,1
Strategy,127,2011.05,126,7
Casual,126,2011.05,125,3
Adventure,112,2011.05,97,2
Indie,59,2011.05,54,4
Simulation,59,2011.05,59,6
RPG,51,2011.05,51,8
Violent,3,2011.05,3,5
Free to Play,1,2011.05,1,9
Sexual Content,1,2011.05,1,10
Action,368,2011.04,359,1
Strategy,126,2011.04,124,7
Casual,125,2011.04,124,3
Adventure,97,2011.04,93,2
Simulation,59,2011.04,59,6
Indie,54,2011.04,54,4
RPG,51,2011.04,51,8
Violent,3,2011.04,3,5
Free to Play,1,2011.04,1,9
Sexual Content,1,2011.04,1,10
Action,359,2011.03,351,1
Casual,124,2011.03,122,3
Strategy,124,2011.03,122,7
Adventure,93,2011.03,93,2
Simulation,59,2011.03,58,6
Indie,54,2011.03,51,4
RPG,51,2011.03,49,8
Violent,3,2011.03,3,5
Free to Play,1,2011.03,1,9
Sexual Content,1,2011.03,1,10
Action,351,2011.02,348,1
Casual,122,2011.02,121,3
Strategy,122,2011.02,121,7
Adventure,93,2011.02,92,2
Simulation,58,2011.02,56,6
Indie,51,2011.02,49,4
RPG,49,2011.02,47,8
Violent,3,2011.02,3,5
Free to Play,1,2011.02,1,9
Sexual Content,1,2011.02,1,10
Action,348,2011.01,339,1
Casual,121,2011.01,121,3
Strategy,121,2011.01,121,7
Adventure,92,2011.01,91,2
Simulation,56,2011.01,55,6
Indie,49,2011.01,49,4
RPG,47,2011.01,47,8
Violent,3,2011.01,3,5
Free to Play,1,2011.01,1,9
Sexual Content,1,2011.01,1,10
Action,339,2010.12,335,1
Strategy,121,2010.12,119,7
Casual,121,2010.12,119,3
Adventure,91,2010.12,89,2
Simulation,55,2010.12,55,6
Indie,49,2010.12,49,4
RPG,47,2010.12,47,8
Violent,3,2010.12,3,5
Free to Play,1,2010.12,1,9
Sexual Content,1,2010.12,1,10
Action,335,2010.11,328,1
Casual,119,2010.11,115,3
Strategy,119,2010.11,118,7
Adventure,89,2010.11,87,2
Simulation,55,2010.11,55,6
Indie,49,2010.11,47,4
RPG,47,2010.11,46,8
Violent,3,2010.11,3,5
Free to Play,1,2010.11,1,9
Sexual Content,1,2010.11,1,10
Action,328,2010.1,315,1
Strategy,118,2010.1,117,7
Casual,115,2010.1,115,3
Adventure,87,2010.1,81,2
Simulation,55,2010.1,51,6
Indie,47,2010.1,44,4
RPG,46,2010.1,41,8
Violent,3,2010.1,3,5
Free to Play,1,2010.1,1,9
Sexual Content,1,2010.1,1,10
Action,315,2010.09,319,1
Strategy,117,2010.09,114,7
Casual,115,2010.09,113,3
Adventure,81,2010.09,77,2
Simulation,51,2010.09,49,6
Indie,44,2010.09,42,4
RPG,41,2010.09,39,8
Violent,3,2010.09,3,5
Free to Play,1,2010.09,1,9
Sexual Content,1,2010.09,1,10
Action,319,2010.08,316,1
Strategy,114,2010.08,119,7
Casual,113,2010.08,113,3
Adventure,77,2010.08,74,2
Simulation,49,2010.08,48,6
Indie,42,2010.08,41,4
RPG,39,2010.08,39,8
Violent,3,2010.08,3,5
Free to Play,1,2010.08,1,9
Sexual Content,1,2010.08,1,10
Action,316,2010.07,299,1
Casual,113,2010.07,111,3
Strategy,119,2010.07,114,7
Adventure,74,2010.07,71,2
Simulation,48,2010.07,43,6
Indie,41,2010.07,41,4
RPG,39,2010.07,38,8
Violent,3,2010.07,3,5
Free to Play,1,2010.07,1,9
Sexual Content,1,2010.07,1,10
Action,299,2010.06,291,1
Casual,111,2010.06,118,3
Strategy,114,2010.06,113,7
Adventure,71,2010.06,69,2
Simulation,43,2010.06,41,6
Indie,41,2010.06,39,4
RPG,38,2010.06,37,8
Violent,3,2010.06,3,5
Free to Play,1,2010.06,1,9
Sexual Content,1,2010.06,1,10
Action,291,2010.05,287,1
Casual,118,2010.05,98,3
Strategy,113,2010.05,112,7
Adventure,69,2010.05,69,2
Simulation,41,2010.05,41,6
Indie,39,2010.05,39,4
RPG,37,2010.05,37,8
Violent,3,2010.05,3,5
Free to Play,1,2010.05,1,9
Sexual Content,1,2010.05,1,10
Action,287,2010.04,279,1
Strategy,112,2010.04,111,7
Casual,98,2010.04,85,3
Adventure,69,2010.04,66,2
Simulation,41,2010.04,39,6
Indie,39,2010.04,38,4
RPG,37,2010.04,36,8
Violent,3,2010.04,3,5
Free to Play,1,2010.04,1,9
Sexual Content,1,2010.04,1,10
Action,279,2010.03,271,1
Strategy,111,2010.03,97,7
Casual,85,2010.03,85,3
Adventure,66,2010.03,66,2
Simulation,39,2010.03,38,6
Indie,38,2010.03,37,4
RPG,36,2010.03,32,8
Violent,3,2010.03,3,5
Free to Play,1,2010.03,1,9
Sexual Content,1,2010.03,1,10
Action,271,2010.02,264,1
Strategy,97,2010.02,93,7
Casual,85,2010.02,73,3
Adventure,66,2010.02,64,2
Simulation,38,2010.02,38,6
Indie,37,2010.02,36,4
RPG,32,2010.02,32,8
Violent,3,2010.02,3,5
Free to Play,1,2010.02,1,9
Sexual Content,1,2010.02,1,10
Action,264,2010.01,258,1
Strategy,93,2010.01,93,7
Casual,73,2010.01,72,3
Adventure,64,2010.01,62,2
Simulation,38,2010.01,36,6
Indie,36,2010.01,36,4
RPG,32,2010.01,31,8
Violent,3,2010.01,3,5
Free to Play,1,2010.01,1,9
Sexual Content,1,2010.01,1,10
Action,258,2009.12,252,1
Strategy,93,2009.12,91,7
Casual,72,2009.12,69,3
Adventure,62,2009.12,58,2
Indie,36,2009.12,36,4
Simulation,36,2009.12,32,6
RPG,31,2009.12,31,8
Violent,3,2009.12,3,5
Free to Play,1,2009.12,1,9
Sexual Content,1,2009.12,1,10
Action,252,2009.11,241,1
Strategy,91,2009.11,84,7
Casual,69,2009.11,69,3
Adventure,58,2009.11,55,2
Indie,36,2009.11,33,4
Simulation,32,2009.11,31,6
RPG,31,2009.11,24,8
Violent,3,2009.11,3,5
Free to Play,1,2009.11,1,9
Sexual Content,1,2009.11,1,10
Action,241,2009.1,232,1
Strategy,84,2009.1,81,7
Casual,69,2009.1,65,3
Adventure,55,2009.1,45,2
Indie,33,2009.1,31,4
Simulation,31,2009.1,29,6
RPG,24,2009.1,22,8
Violent,3,2009.1,3,5
Free to Play,1,2009.1,1,9
Sexual Content,1,2009.1,1,10
Action,232,2009.09,218,1
Strategy,81,2009.09,78,7
Casual,65,2009.09,64,3
Adventure,45,2009.09,42,2
Indie,31,2009.09,29,4
Simulation,29,2009.09,27,6
RPG,22,2009.09,22,8
Violent,3,2009.09,3,5
Free to Play,1,2009.09,1,9
Sexual Content,1,2009.09,1,10
Action,218,2009.08,216,1
Strategy,78,2009.08,75,7
Casual,64,2009.08,62,3
Adventure,42,2009.08,36,2
Indie,29,2009.08,28,4
Simulation,27,2009.08,19,6
RPG,22,2009.08,21,8
Violent,3,2009.08,3,5
Free to Play,1,2009.08,1,9
Sexual Content,1,2009.08,1,10
Action,216,2009.07,191,1
Strategy,75,2009.07,72,7
Casual,62,2009.07,53,3
Adventure,36,2009.07,21,2
Indie,28,2009.07,26,4
RPG,21,2009.07,21,8
Simulation,19,2009.07,17,6
Violent,3,2009.07,3,5
Free to Play,1,2009.07,1,9
Sexual Content,1,2009.07,1,10
Action,191,2009.06,177,1
Strategy,72,2009.06,69,7
Casual,53,2009.06,53,3
Indie,26,2009.06,25,4
Adventure,21,2009.06,17,2
RPG,21,2009.06,18,8
Simulation,17,2009.06,12,6
Violent,3,2009.06,3,5
Free to Play,1,2009.06,1,9
Sexual Content,1,2009.06,1,10
Action,177,2009.05,167,1
Strategy,69,2009.05,67,7
Casual,53,2009.05,49,3
Indie,25,2009.05,25,4
RPG,18,2009.05,15,8
Adventure,17,2009.05,17,2
Simulation,12,2009.05,11,6
Violent,3,2009.05,3,5
Free to Play,1,2009.05,1,9
Sexual Content,1,2009.05,1,10
Action,167,2009.04,165,1
Strategy,67,2009.04,65,7
Casual,49,2009.04,43,3
Indie,25,2009.04,24,4
Adventure,17,2009.04,17,2
RPG,15,2009.04,13,8
Simulation,11,2009.04,11,6
Violent,3,2009.04,3,5
Free to Play,1,2009.04,1,9
Sexual Content,1,2009.04,1,10
Action,165,2009.03,157,1
Strategy,65,2009.03,64,7
Casual,43,2009.03,42,3
Indie,24,2009.03,21,4
Adventure,17,2009.03,15,2
RPG,13,2009.03,12,8
Simulation,11,2009.03,11,6
Violent,3,2009.03,3,5
Free to Play,1,2009.03,1,9
Sexual Content,1,2009.03,1,10
Action,157,2009.02,154,1
Strategy,64,2009.02,57,7
Casual,42,2009.02,39,3
Indie,21,2009.02,19,4
Adventure,15,2009.02,15,2
RPG,12,2009.02,11,8
Simulation,11,2009.02,9,6
Violent,3,2009.02,3,5
Free to Play,1,2009.02,1,9
Sexual Content,1,2009.02,1,10
Action,154,2009.01,151,1
Strategy,57,2009.01,54,7
Casual,39,2009.01,38,3
Indie,19,2009.01,17,4
Adventure,15,2009.01,15,2
RPG,11,2009.01,11,8
Simulation,9,2009.01,9,6
Violent,3,2009.01,3,5
Free to Play,1,2009.01,1,9
Sexual Content,1,2009.01,1,10
